г. Москва, ул Бирюлёвская, д 1с1;55.5889273;37.6646136
г. Москва, ул Юных Ленинцев, д 83с 4;55.7003202;37.7479400
г.Город Москва, б-р.Самаркандский, д. 10к2;55.7064866;37.8263129
г.Город Москва, б-р.Самаркандский, д. 32к1;55.6977027;37.8126854
г.Город Москва, наб.Семеновская, д. 2/1;55.7768615;37.7046831
г.Город Москва, наб.Семеновская, д. 3/1к2;55.7785658;37.7082611
г.Город Москва, пр-кт.Волгоградский, д. 128к1;55.7023381;37.7828754
г.Город Москва, пр-кт.Ленинский, д. 70/11;55.6879261;37.5407755
г.Город Москва, ул.Новорогожская, д. 20;55.7390300;37.6880379
г.Город Москва, ул.Саратовская, д. 16;55.7150007;37.7401969
г.Город Москва, ул.Ташкентская, д. 16к2;55.7039740;37.8130634
г.Москва проезд Симферопольский, д.7;55.6647568;37.6158385
Город Москва, б-р.Волжский, д. 50 к 2;55.6965373;37.7522297
Город Москва, б-р.Волжский, д. 50 к 2, кв. 89;55.6965373;37.7522297
Город Москва, б-р.Кленовый, д. 10 к 1;55.6827402;37.6732411
Город Москва, б-р.Кленовый, д. 10 к 1, кв. 174;55.6827402;37.6732411
Город Москва, б-р.Ореховый, д. 11 к 1;55.6108754;37.7128459
Город Москва, б-р.Ореховый, д. 11 к 1, кв. 314;55.6108754;37.7128459
Город Москва, б-р.Ореховый, д. 35 к 1;55.6149375;37.7354256
Город Москва, б-р.Ореховый, д. 35 к 1, кв. 74;55.6149375;37.7354256
Город Москва, б-р.Ореховый, д. 61 к 1;55.6170816;37.7583887
Город Москва, б-р.Ореховый, д. 61 к 1, кв. 319;55.6170816;37.7583887
Город Москва, б-р.Ореховый, д. 7 к 1;55.6096657;37.7060471
Город Москва, б-р.Ореховый, д. 7 к 1, кв. 71;55.6096657;37.7060471
Город Москва, б-р.Самаркандский Квартал 137а, д. к5;55.6975789;37.8162169
Город Москва, б-р.Самаркандский Квартал 137а, д. к5, кв. 25;55.6975789;37.8162169
Город Москва, б-р.Симферопольский, д. 27;55.6486775;37.6062192
Город Москва, б-р.Симферопольский, д. 27, кв. 6;55.6486775;37.6062192
Город Москва, б-р.Смоленский, д. 17 стр. 1;55.7424650;37.5835089
Город Москва, б-р.Смоленский, д. 17 стр. 1, кв. 18;55.7424650;37.5835089
Город Москва, б-р.Черноморский, д. 19 к 2;55.6448239;37.5978906
Город Москва, б-р.Черноморский, д. 19 к 2, кв. 123;55.6448239;37.5978906
Город Москва, б-р.Чонгарский, д. 1 к 4;55.6520362;37.6157017
Город Москва, б-р.Чонгарский, д. 1 к 4, кв. 314;55.6520362;37.6157017
Город Москва, б-р.Чонгарский, д. 22 к 2;55.6543202;37.6036892
Город Москва, б-р.Чонгарский, д. 22 к 2, кв. 21;55.6543202;37.6036892
Город Москва, наб.Нагатинская, д. 60 к 2;55.6879150;37.6872923
Город Москва, наб.Нагатинская, д. 60 к 2, кв. 116;55.6879150;37.6872923
Город Москва, пер.Большой Рогожский, д. 10 к 2;55.7420001;37.6676447
Город Москва, пер.Большой Рогожский, д. 10 к 2, кв. 73;55.7420001;37.6676447
Город Москва, пер.Маяковского, д. 2;55.7397743;37.6599082
Город Москва, пер.Маяковского, д. 2, кв. 59;55.7397743;37.6599082
Город Москва, пер.Ослябинский, д. 3;55.7131672;37.6603865
Город Москва, пер.Ослябинский, д. 3, кв. 142;55.7131672;37.6603865
Город Москва, пр-кт.60-летия Октября, д. 17;55.6953306;37.5798241
Город Москва, пр-кт.60-летия Октября, д. 17, кв. 198;55.6953306;37.5798241
Город Москва, пр-кт.60-летия Октября, д. 18 к 2;55.6894338;37.5733640
Город Москва, пр-кт.60-летия Октября, д. 18 к 2, кв. 31;55.6894338;37.5733640
Город Москва, пр-кт.Балаклавский, д. 20 к 4;55.6423446;37.5959185
Город Москва, пр-кт.Балаклавский, д. 20 к 4, кв. 32;55.6423446;37.5959185
Город Москва, пр-кт.Балаклавский, д. 50;55.6494293;37.5705283
Город Москва, пр-кт.Балаклавский, д. 50, кв. 18;55.6494293;37.5705283
Город Москва, пр-кт.Волгоградский, д. 128 к 5;55.7008460;37.7822191
Город Москва, пр-кт.Волгоградский, д. 128 к 5, кв. 1;55.7008460;37.7822191
Город Москва, пр-кт.Волгоградский, д. 97 к 1;55.7078213;37.7518635
Город Москва, пр-кт.Волгоградский, д. 97 к 1, кв. 2;55.7078213;37.7518635
Город Москва, пр-кт.Нахимовский, д. 50;55.6807498;37.5590236
Город Москва, пр-кт.Нахимовский, д. 50, кв. 40;55.6807498;37.5590236
Город Москва, пр-кт.Пролетарский, д. 14А;55.6360111;37.6533634
Город Москва, пр-кт.Пролетарский, д. 14А, кв. 67;55.6360111;37.6533634
Город Москва, пр-кт.Пролетарский, д. 18 к 4;55.6338547;37.6538396
Город Москва, пр-кт.Пролетарский, д. 18 к 4, кв. 85;55.6338547;37.6538396
Город Москва, пр-кт.Рязанский, д. 73;55.7184554;37.7902547
Город Москва, пр-кт.Рязанский, д. 73, кв. 13;55.7184554;37.7902547
Город Москва, пр-кт.Севастопольский, д. 9 к 1;55.6911832;37.6075362
Город Москва, пр-кт.Севастопольский, д. 9 к 1, кв. 14;55.6911832;37.6075362
Город Москва, проезд.3-й Павелецкий, д. 7 к 2;55.7106450;37.6418372
Город Москва, проезд.3-й Павелецкий, д. 7 к 2, кв. 6;55.7106450;37.6418372
Город Москва, проезд.3-й Павелецкий, д. 9;55.7107376;37.6405504
Город Москва, проезд.3-й Павелецкий, д. 9, кв. 47;55.7107376;37.6405504
Город Москва, проезд.Борисовский, д. 44 к 3;55.6144125;37.7226952
Город Москва, проезд.Борисовский, д. 44 к 3, кв. 455;55.6144125;37.7226952
Город Москва, проезд.Борисовский, д. 44 к 3, кв. 515;55.6144125;37.7226952
Город Москва, проезд.Востряковский, д. 15 к 2;55.5760549;37.6461681
Город Москва, проезд.Востряковский, д. 15 к 2, кв. 199;55.5760549;37.6461681
Город Москва, проезд.Востряковский, д. 15 к 4;55.5768738;37.6492402
Город Москва, проезд.Востряковский, д. 15 к 4, кв. 73;55.5768738;37.6492402
Город Москва, проезд.Гурьевский, д. 19 к 2;55.6071340;37.7503407
Город Москва, проезд.Гурьевский, д. 19 к 2, кв. 215;55.6071340;37.7503407
Город Москва, проезд.Гурьевский, д. 23 к 1;55.6074243;37.7536622
Город Москва, проезд.Гурьевский, д. 23 к 1, кв. 251;55.6074243;37.7536622
Город Москва, проезд.Загорьевский, д. 7 к 2;55.5741320;37.6663646
Город Москва, проезд.Загорьевский, д. 7 к 2, кв. 407;55.5741320;37.6663646
Город Москва, проезд.Загорьевский, д. 9;55.5780853;37.6775523
Город Москва, проезд.Загорьевский, д. 9, кв. 72;55.5780853;37.6775523
Город Москва, проезд.Коломенский, д. 27 к 3;55.6688423;37.6582830
Город Москва, проезд.Коломенский, д. 27 к 3, кв. 28;55.6688423;37.6582830
Город Москва, проезд.Ореховый, д. 23 к 1;55.6228247;37.7313782
Город Москва, проезд.Ореховый, д. 23 к 1, кв. 38;55.6228247;37.7313782
Город Москва, проезд.Ореховый, д. 41;55.6165342;37.7307244
Город Москва, проезд.Ореховый, д. 41, кв. 24;55.6165342;37.7307244
Город Москва, проезд.Ферганский, д. 7 к 5;55.6940635;37.8248567
Город Москва, проезд.Ферганский, д. 7 к 5, кв. 18;55.6940635;37.8248567
Город Москва, проезд.Шипиловский, д. 59 к 2;55.6060564;37.7067109
Город Москва, проезд.Шипиловский, д. 59 к 2, кв. 255;55.6060564;37.7067109
Город Москва, ул.1-я Дубровская, д. 6;55.7267393;37.6695609
Город Москва, ул.1-я Дубровская, д. 6, кв. 41;55.7267393;37.6695609
Город Москва, ул.1-я Новокузьминская, д. 16 к 1;55.7143590;37.7897959
Город Москва, ул.1-я Новокузьминская, д. 16 к 1, кв. 11;55.7143590;37.7897959
Город Москва, ул.11-я Текстильщиков, д. 10;55.7068850;37.7431987
Город Москва, ул.11-я Текстильщиков, д. 10, кв. 103;55.7068850;37.7431987
Город Москва, ул.2-я Рощинская, д. 11;55.7092888;37.6125848
Город Москва, ул.2-я Рощинская, д. 11, кв. 168;55.7092888;37.6125848
Город Москва, ул.2-я Синичкина, д. 9 к 1;55.7626400;37.7130584
Город Москва, ул.2-я Синичкина, д. 9 к 1, кв. 6;55.7626400;37.7130584
Город Москва, ул.3-я Институтская, д. 5 к 2;55.7219922;37.7821899
Город Москва, ул.3-я Институтская, д. 5 к 2, кв. 36;55.7219922;37.7821899
Город Москва, ул.3-я Карачаровская, д. 4 к 1;55.7337571;37.7445677
Город Москва, ул.3-я Карачаровская, д. 4 к 1, кв. 98;55.7337571;37.7445677
Город Москва, ул.3-я Карачаровская, д. 8 к 2;55.7333702;37.7471726
Город Москва, ул.3-я Карачаровская, д. 8 к 2, кв. 10;55.7333702;37.7471726
Город Москва, ул.6-я Радиальная, д. 5 к 3;55.6048694;37.6607974
Город Москва, ул.6-я Радиальная, д. 5 к 3, кв. 1020;55.6048694;37.6607974
Город Москва, ул.6-я Радиальная, д. 7/1 к 2;55.6037747;37.6510228
Город Москва, ул.6-я Радиальная, д. 7/1 к 2, кв. 586;55.6037747;37.6510228
Город Москва, ул.Авиамоторная, д. 14;55.7430464;37.7296420
Город Москва, ул.Авиамоторная, д. 14, кв. 1;55.7430464;37.7296420
Город Москва, ул.Автозаводская, д. 11;55.7026388;37.6369919
Город Москва, ул.Автозаводская, д. 11, кв. 13;55.7026388;37.6369919
Город Москва, ул.Академика Миллионщикова, д. 13 к 1;55.6700206;37.6498005
Город Москва, ул.Академика Миллионщикова, д. 13 к 1, кв. 42;55.6700206;37.6498005
Город Москва, ул.Артюхиной, д. 16;55.6984967;37.7377998
Город Москва, ул.Артюхиной, д. 16, кв. 43;55.6984967;37.7377998
Город Москва, ул.Артюхиной, д. 20А;55.6972845;37.7365767
Город Москва, ул.Артюхиной, д. 20А, кв. 16;55.6972845;37.7365767
Город Москва, ул.Артюхиной, д. 3;55.7029289;37.7378149
Город Москва, ул.Артюхиной, д. 3, кв. 107;55.7029289;37.7378149
Город Москва, ул.Бирюлёвская, д. 39;55.5881256;37.6658771
Город Москва, ул.Бирюлёвская, д. 39, кв. 86;55.5881256;37.6658771
Город Москва, ул.Бирюлёвская, д. 58 к 3;55.5806701;37.6681476
Город Москва, ул.Бирюлёвская, д. 58 к 3, кв. 1094;55.5806701;37.6681476
Город Москва, ул.Болотниковская, д. 9 к 2;55.6552720;37.6095951
Город Москва, ул.Болотниковская, д. 9 к 2, кв. 13;55.6552720;37.6095951
Город Москва, ул.Большая Калитниковская, д. 38;55.7361675;37.6862063
Город Москва, ул.Большая Калитниковская, д. 38, кв. 29;55.7361675;37.6862063
Город Москва, ул.Большая Пионерская, д. 33 к 2;55.7261963;37.6351637
Город Москва, ул.Большая Пионерская, д. 33 к 2, кв. 146;55.7261963;37.6351637
Город Москва, ул.Большая Серпуховская, д. 31 к 6;55.7233901;37.6286049
Город Москва, ул.Большая Серпуховская, д. 31 к 6, кв. 223;55.7233901;37.6286049
Город Москва, ул.Борисовские Пруды, д. 20 к 1;55.6379834;37.7518423
Город Москва, ул.Борисовские Пруды, д. 20 к 1, кв. 22;55.6379834;37.7518423
Город Москва, ул.Борисовские Пруды, д. 20 к 1, кв. 429;55.6379834;37.7518423
Город Москва, ул.Борисовские Пруды, д. 48 к 2;55.6418225;37.7747995
Город Москва, ул.Борисовские Пруды, д. 48 к 2, кв. 319;55.6418225;37.7747995
Город Москва, ул.Боровая, д. 12;55.7702920;37.7147651
Город Москва, ул.Боровая, д. 12, кв. 4;55.7702920;37.7147651
Город Москва, ул.Боровая, д. 14;55.7693914;37.7156999
Город Москва, ул.Боровая, д. 14, кв. 20;55.7693914;37.7156999
Город Москва, ул.Братеевская, д. 16 к 1;55.6343465;37.7658937
Город Москва, ул.Братеевская, д. 16 к 1, кв. 208;55.6343465;37.7658937
Город Москва, ул.Братеевская, д. 18 к 1;55.6362442;37.7692583
Город Москва, ул.Братеевская, д. 18 к 1, кв. 10;55.6362442;37.7692583
Город Москва, ул.Бронницкая, д. 12;55.7314152;37.7595540
Город Москва, ул.Бронницкая, д. 12, кв. 7;55.7314152;37.7595540
Город Москва, ул.Булатниковская, д. 4 к 1;55.5812013;37.6475142
Город Москва, ул.Булатниковская, д. 4 к 1, кв. 112;55.5812013;37.6475142
Город Москва, ул.Весёлая, д. 33 к 7;55.6235129;37.6631328
Город Москва, ул.Весёлая, д. 33 к 7, кв. 63;55.6235129;37.6631328
Город Москва, ул.Винокурова, д. 12 к 4;55.6854662;37.5883596
Город Москва, ул.Винокурова, д. 12 к 4, кв. 163;55.6854662;37.5883596
Город Москва, ул.Винокурова, д. 5/6 к 2;55.6898618;37.5850112
Город Москва, ул.Винокурова, д. 5/6 к 2, кв. 41;55.6898618;37.5850112
Город Москва, ул.Восточная, д. 2 к 2;55.7169675;37.6604783
Город Москва, ул.Восточная, д. 2 к 2, кв. 92;55.7169675;37.6604783
Город Москва, ул.Генерала Белова, д. 45 к 2;55.6072105;37.7261342
Город Москва, ул.Генерала Белова, д. 45 к 2, кв. 243;55.6072105;37.7261342
Город Москва, ул.Городская, д. 9;55.7150778;37.6180122
Город Москва, ул.Городская, д. 9, кв. 36;55.7150778;37.6180122
Город Москва, ул.Грайвороновская, д. 10 к 2;55.7183547;37.7319259
Город Москва, ул.Грайвороновская, д. 10 к 2, кв. 71;55.7183547;37.7319259
Город Москва, ул.Дмитрия Ульянова, д. 27;55.6858472;37.5809496
Город Москва, ул.Дмитрия Ульянова, д. 27, кв. 274;55.6858472;37.5809496
Город Москва, ул.Домодедовская, д. 31;55.6039003;37.7161258
Город Москва, ул.Домодедовская, д. 31, кв. 150;55.6039003;37.7161258
Город Москва, ул.Дубининская, д. 59 к 2;55.7266927;37.6373945
Город Москва, ул.Дубининская, д. 59 к 2, кв. 21002;55.7266927;37.6373945
Город Москва, ул.Ереванская, д. 29;55.6295840;37.6790583
Город Москва, ул.Ереванская, д. 29, кв. 29;55.6295840;37.6790583
Город Москва, ул.Зарайская, д. 51 к 2;55.7279678;37.7772242
Город Москва, ул.Зарайская, д. 51 к 2, кв. 67;55.7279678;37.7772242
Город Москва, ул.Затонная, д. 11 к 3;55.6790858;37.6884067
Город Москва, ул.Затонная, д. 11 к 3, кв. 6;55.6790858;37.6884067
Город Москва, ул.Затонная, д. 12 к 1;55.6771232;37.6857562
Город Москва, ул.Затонная, д. 12 к 1, кв. 109;55.6771232;37.6857562
Город Москва, ул.Зеленодольская, д. 28Б;55.7118436;37.7708367
Город Москва, ул.Зеленодольская, д. 28Б, кв. 205;55.7118436;37.7708367
Город Москва, ул.Земляной Вал, д. 24/30 стр. 1;55.7586892;37.6571501
Город Москва, ул.Земляной Вал, д. 24/30 стр. 1, кв. 75;55.7586892;37.6571501
Город Москва, ул.Кантемировская, д. 5 к 2;55.6351144;37.6773965
Город Москва, ул.Кантемировская, д. 5 к 2, кв. 406;55.6351144;37.6773965
Город Москва, ул.Каховка, д. 7 к 1;55.6510015;37.5899929
Город Москва, ул.Каховка, д. 7 к 1, кв. 72;55.6510015;37.5899929
Город Москва, ул.Керченская, д. 10 к 2;55.6556242;37.5816709
Город Москва, ул.Керченская, д. 10 к 2, кв. 50;55.6556242;37.5816709
Город Москва, ул.Керченская, д. 6 к 2;55.6572931;37.5830890
Город Москва, ул.Керченская, д. 6 к 2, кв. 59;55.6572931;37.5830890
Город Москва, ул.Коломенская, д. 21;55.6777277;37.6943031
Город Москва, ул.Коломенская, д. 21, кв. 214;55.6777277;37.6943031
Город Москва, ул.Коломенская, д. 5;55.6821727;37.7047960
Город Москва, ул.Коломенская, д. 5, кв. 166;55.6821727;37.7047960
Город Москва, ул.Красноказарменная, д. 9Б стр. 1;55.7542357;37.7088399
Город Москва, ул.Красноказарменная, д. 9Б стр. 1, кв. 126;55.7542357;37.7088399
Город Москва, ул.Кустанайская, д. 8 к 1;55.6188601;37.7516036
Город Москва, ул.Кустанайская, д. 8 к 1, кв. 87;55.6188601;37.7516036
Город Москва, ул.Кустанайская, д. 9 к 1;55.6180751;37.7543157
Город Москва, ул.Кустанайская, д. 9 к 1, кв. 352;55.6180751;37.7543157
Город Москва, ул.Луганская, д. 1;55.6287028;37.6637203
Город Москва, ул.Луганская, д. 1, кв. 205;55.6287028;37.6637203
Город Москва, ул.Луганская, д. 3 к 1;55.6278364;37.6645540
Город Москва, ул.Луганская, д. 3 к 1, кв. 41;55.6278364;37.6645540
Город Москва, ул.Луганская, д. 4 к 1;55.6256945;37.6641817
Город Москва, ул.Луганская, д. 4 к 1, кв. 310;55.6256945;37.6641817
Город Москва, ул.Люсиновская, д. 4;55.7273725;37.6224055
Город Москва, ул.Люсиновская, д. 4, кв. 26;55.7273725;37.6224055
Город Москва, ул.Малышева, д. 13;55.6980379;37.7438382
Город Москва, ул.Малышева, д. 13, кв. 68;55.6980379;37.7438382
Город Москва, ул.Маршала Захарова, д. 18 к 1;55.6204412;37.6958848
Город Москва, ул.Маршала Захарова, д. 18 к 1, кв. 270;55.6204412;37.6958848
Город Москва, ул.Маршала Чуйкова, д. 9 к 2;55.6971444;37.7620114
Город Москва, ул.Маршала Чуйкова, д. 9 к 2, кв. 27;55.6971444;37.7620114
Город Москва, ул.Машкова, д. 13 стр. 1;55.7642530;37.6518889
Город Москва, ул.Машкова, д. 13 стр. 1, кв. 15;55.7642530;37.6518889
Город Москва, ул.Медынская, д. 5 к 1;55.5899951;37.6483741
Город Москва, ул.Медынская, д. 5 к 1, кв. 128;55.5899951;37.6483741
Город Москва, ул.Международная, д. 28 стр. 1;55.7431752;37.6878434
Город Москва, ул.Международная, д. 28 стр. 1, кв. 186;55.7431752;37.6878434
Город Москва, ул.Михайлова, д. 14;55.7270299;37.7659603
Город Москва, ул.Михайлова, д. 14, кв. 13;55.7270299;37.7659603
Город Москва, ул.Москворечье, д. 4 к 6;55.6433170;37.6548482
Город Москва, ул.Москворечье, д. 4 к 6, кв. 22;55.6433170;37.6548482
Город Москва, ул.Мусы Джалиля, д. 9 к 1;55.6274499;37.7437967
Город Москва, ул.Мусы Джалиля, д. 9 к 1, кв. 89;55.6274499;37.7437967
Город Москва, ул.Нагорная, д. 44 к 2;55.6702038;37.5892003
Город Москва, ул.Нагорная, д. 44 к 2, кв. 42;55.6702038;37.5892003
Город Москва, ул.Нижегородская, д. 25;55.7374783;37.6944616
Город Москва, ул.Нижегородская, д. 25, кв. 385;55.7374783;37.6944616
Город Москва, ул.Нижегородская, д. 61;55.7325030;37.7178025
Город Москва, ул.Нижегородская, д. 61, кв. 30;55.7325030;37.7178025
Город Москва, ул.Нижегородская, д. 63;55.7324552;37.7186987
Город Москва, ул.Нижегородская, д. 63, кв. 112;55.7324552;37.7186987
Город Москва, ул.Новорогожская, д. 10;55.7400480;37.6832489
Город Москва, ул.Новорогожская, д. 10, кв. 56;55.7400480;37.6832489
Город Москва, ул.Новорогожская, д. 8;55.7408950;37.6845796
Город Москва, ул.Новорогожская, д. 8, кв. 18;55.7408950;37.6845796
Город Москва, ул.Окская, д. 32;55.7144711;37.7695221
Город Москва, ул.Окская, д. 32, кв. 42;55.7144711;37.7695221
Город Москва, ул.Окская, д. 48/2;55.7176399;37.7794008
Город Москва, ул.Окская, д. 48/2, кв. 13;55.7176399;37.7794008
Город Москва, ул.Окская, д. 6 к 1;55.7103080;37.7514109
Город Москва, ул.Окская, д. 6 к 1, кв. 10;55.7103080;37.7514109
Город Москва, ул.Паперника, д. 18;55.7213231;37.7935117
Город Москва, ул.Паперника, д. 18, кв. 33;55.7213231;37.7935117
Город Москва, ул.Паперника, д. 19;55.7217574;37.7907198
Город Москва, ул.Паперника, д. 19, кв. 35;55.7217574;37.7907198
Город Москва, ул.Паромная, д. 9 к 1;55.6369125;37.7630982
Город Москва, ул.Паромная, д. 9 к 1, кв. 36;55.6369125;37.7630982
Город Москва, ул.Плющиха, д. 42;55.7406331;37.5762155
Город Москва, ул.Плющиха, д. 42, кв. 127;55.7406331;37.5762155
Город Москва, ул.Профсоюзная, д. 8 к 2;55.6864404;37.5694046
Город Москва, ул.Профсоюзная, д. 8 к 2, кв. 402;55.6864404;37.5694046
Город Москва, ул.Ремизова, д. 15 к 2;55.6757919;37.6040072
Город Москва, ул.Ремизова, д. 15 к 2, кв. 92;55.6757919;37.6040072
Город Москва, ул.Рогожский Вал, д. 2/50;55.7456189;37.6777676
Город Москва, ул.Рогожский Вал, д. 2/50, кв. 65;55.7456189;37.6777676
Город Москва, ул.Садовники, д. 10 к 1;55.6710631;37.6527567
Город Москва, ул.Садовники, д. 10 к 1, кв. 8;55.6710631;37.6527567
Город Москва, ул.Саратовская, д. 14/1;55.7145577;37.7378743
Город Москва, ул.Саратовская, д. 14/1, кв. 24;55.7145577;37.7378743
Город Москва, ул.Севанская, д. 15 к 1;55.6234951;37.6538926
Город Москва, ул.Севанская, д. 15 к 1, кв. 74;55.6234951;37.6538926
Город Москва, ул.Смирновская, д. 6;55.7367411;37.7085631
Город Москва, ул.Смирновская, д. 6, кв. 35;55.7367411;37.7085631
Город Москва, ул.Сторожевая, д. 31;55.7647986;37.7168314
Город Москва, ул.Сторожевая, д. 31, кв. 44;55.7647986;37.7168314
Город Москва, ул.Стройковская, д. 8;55.7347571;37.6737801
Город Москва, ул.Стройковская, д. 8, кв. 150;55.7347571;37.6737801
Город Москва, ул.Судостроительная, д. 27 к 2;55.6835290;37.6793639
Город Москва, ул.Судостроительная, д. 27 к 2, кв. 169;55.6835290;37.6793639
Город Москва, ул.Судостроительная, д. 31 к 3;55.6848526;37.6804749
Город Москва, ул.Судостроительная, д. 31 к 3, кв. 151;55.6848526;37.6804749
Город Москва, ул.Судостроительная, д. 36;55.6841931;37.6875838
Город Москва, ул.Судостроительная, д. 36, кв. 3;55.6841931;37.6875838
Город Москва, ул.Талалихина, д. 16;55.7355002;37.6768170
Город Москва, ул.Талалихина, д. 16, кв. 74;55.7355002;37.6768170
Город Москва, ул.Талалихина, д. 2/1 к 4;55.7369925;37.6733454
Город Москва, ул.Талалихина, д. 2/1 к 4, кв. 387;55.7369925;37.6733454
Город Москва, ул.Трофимова, д. 24 к 2;55.7020048;37.6768493
Город Москва, ул.Трофимова, д. 24 к 2, кв. 26;55.7020048;37.6768493
Город Москва, ул.Трофимова, д. 4А;55.7011084;37.6614474
Город Москва, ул.Трофимова, д. 4А, кв. 32;55.7011084;37.6614474
Город Москва, ул.Усачёва, д. 25;55.7249586;37.5651309
Город Москва, ул.Усачёва, д. 25, кв. 74;55.7249586;37.5651309
Город Москва, ул.Усачёва, д. 29 к 1;55.7242516;37.5634155
Город Москва, ул.Усачёва, д. 29 к 1, кв. 20;55.7242516;37.5634155
Город Москва, ул.Ферганская, д. 28/7;55.7010782;37.8250104
Город Москва, ул.Ферганская, д. 28/7, кв. 244;55.7010782;37.8250104
Город Москва, ул.Фёдора Полетаева, д. 2 к 6;55.7136559;37.7719481
Город Москва, ул.Фёдора Полетаева, д. 2 к 6, кв. 131;55.7136559;37.7719481
Город Москва, ул.Херсонская, д. 18;55.6520916;37.5678576
Город Москва, ул.Херсонская, д. 18, кв. 66;55.6520916;37.5678576
Город Москва, ул.Чистова, д. 12;55.6965060;37.7419420
Город Москва, ул.Чистова, д. 12, кв. 61;55.6965060;37.7419420
Город Москва, ул.Чистопольская, д. 2 к 2;55.7306095;37.7583550
Город Москва, ул.Чистопольская, д. 2 к 2, кв. 45;55.7306095;37.7583550
Город Москва, ул.Шверника, д. 12/2 к 3;55.6913492;37.5866891
Город Москва, ул.Шверника, д. 12/2 к 3, кв. 39;55.6913492;37.5866891
Город Москва, ул.Шверника, д. 14/1 к 2;55.6899877;37.5902587
Город Москва, ул.Шверника, д. 14/1 к 2, кв. 52;55.6899877;37.5902587
Город Москва, ул.Шверника, д. 18 к 2;55.6890678;37.5927091
Город Москва, ул.Шверника, д. 18 к 2, кв. 8;55.6890678;37.5927091
Город Москва, ул.Шверника, д. 3;55.6925663;37.5882763
Город Москва, ул.Шверника, д. 3, кв. 26;55.6925663;37.5882763
Город Москва, ул.Шверника, д. 5 к 2;55.6945964;37.5827805
Город Москва, ул.Шверника, д. 5 к 2, кв. 125;55.6945964;37.5827805
Город Москва, ул.Шипиловская, д. 38;55.6205105;37.7245073
Город Москва, ул.Шипиловская, д. 38, кв. 188;55.6205105;37.7245073
Город Москва, ул.Юных Ленинцев, д. 84;55.6981178;37.7786035
Город Москва, ул.Юных Ленинцев, д. 84, кв. 13;55.6981178;37.7786035
Город Москва, ш.Каширское, д. 136;55.5996618;37.7219087
Город Москва, ш.Каширское, д. 136, кв. 172;55.5996618;37.7219087
Город Москва, ш.Каширское, д. 94 к 1;55.6149690;37.7137838
Город Москва, ш.Каширское, д. 94 к 1, кв. 71;55.6149690;37.7137838
Москва Бирюлевская ул. д. 44;55.5864357;37.6645660
Москва Булатниковский пр-зд. д. 6к1;55.5936117;37.6513869
Москва, проезд Орехово-Зуевский, д. 18/8;55.7311522;37.7534715
Москва, проезд Орехово-Зуевский, д. 18/8, кв. 30;55.7311522;37.7534715
